{"train_loss": 0.5908440947532654, "train_acc": 0.78125, "epoch": 0, "trainer/global_step": 399, "_runtime": 38, "_timestamp": 1637759644, "_step": 7, "_wandb": {"runtime": 39}}